{
  "IsEncrypted": false,
  "Values": {
    "AzureWebJobsStorage": "DefaultEndpointsProtocol=https;AccountName=st10053561;AccountKey=xyMJFImtRxiGcO3QshXd3s7mtt4AuSvqqAdqBZ2J6Uah0BQUR7zx4gVZ+VNr+vhLOQbKiwNn0lMX+ASt+DXjQw==;EndpointSuffix=core.windows.net",
    "FUNCTIONS_WORKER_RUNTIME": "dotnet",
    "Connect": "DefaultEndpointsProtocol=https;AccountName=st10053561;AccountKey=xyMJFImtRxiGcO3QshXd3s7mtt4AuSvqqAdqBZ2J6Uah0BQUR7zx4gVZ+VNr+vhLOQbKiwNn0lMX+ASt+DXjQw==;EndpointSuffix=core.windows.net"
  }
}
